timestamp,cpu,memory,latency,instances,label
2026-03-14 08:31:00+00:00,0.0857361433971358,0.516928,0.0,0,normal
2026-03-14 08:32:00+00:00,0.0050487996630446,0.464736,0.0,1,normal
2026-03-14 08:33:00+00:00,0.0092150069165362,0.4841919999999999,0.0,1,normal
2026-03-14 08:34:00+00:00,0.0085971161306189,0.4841920000000002,0.0,1,normal
2026-03-14 08:35:00+00:00,0.0101449389892765,0.5033919999999998,428.286991,1,normal
2026-03-14 08:36:00+00:00,0.0238564215582235,0.559504,0.0,0,normal
2026-03-14 08:37:00+00:00,0.0153862747411954,0.559504,0.0,1,normal
2026-03-14 08:38:00+00:00,0.015003637349062,0.559504,0.0,1,normal
2026-03-14 08:39:00+00:00,0.0177769438950744,0.5595040000000004,0.0,1,normal
2026-03-14 08:40:00+00:00,0.0164721959634148,0.5595039999999996,0.0,1,normal
2026-03-14 08:41:00+00:00,0.0598007915196308,0.0,0.0,1,normal
2026-03-14 08:42:00+00:00,0.0,0.0,0.0,0,normal
2026-03-14 08:43:00+00:00,0.0007041689414612,0.0267410278320312,0.0,1,normal
2026-03-14 08:44:00+00:00,0.0007454269794075,0.0267410278320312,0.0,1,normal
2026-03-14 08:45:00+00:00,0.0007098609111946,0.0267410278320312,0.0,1,normal
2026-03-14 08:46:00+00:00,0.0008139494817249,0.0267410278320312,0.0,1,normal
2026-03-14 08:47:00+00:00,0.0007135388577724,0.0267486572265625,0.0,1,normal
2026-03-14 08:48:00+00:00,0.000709160518957,0.0267486572265625,0.0,1,normal
2026-03-14 08:49:00+00:00,0.0006794307562721,0.0267486572265625,0.0,1,normal
2026-03-14 08:50:00+00:00,0.0007047983910032,0.0267486572265625,0.0,1,normal
2026-03-14 08:51:00+00:00,0.000616816316763,0.0267486572265625,0.0,1,normal
2026-03-14 08:52:00+00:00,0.000685143161426,0.0267486572265625,0.0,1,normal
2026-03-14 08:53:00+00:00,0.0006543939552882,0.0267486572265625,0.0,1,normal
2026-03-14 08:54:00+00:00,0.0007046844081369,0.0267486572265625,0.0,1,normal
2026-03-14 08:55:00+00:00,0.0007095937962222,0.0267486572265625,0.0,1,normal
2026-03-14 08:56:00+00:00,0.0006893566507131,0.0267486572265625,0.0,1,normal
2026-03-14 08:57:00+00:00,0.0,0.0,0.0,0,normal
2026-03-14 08:58:00+00:00,0.0058241465557552,0.0529263814290364,4.245004215,0,normal
2026-03-14 08:59:00+00:00,0.0007898043328774,0.0529378255208333,0.0,5,normal
2026-03-14 09:00:00+00:00,0.0005932089263478,0.0529378255208333,0.0,6,normal
2026-03-14 09:01:00+00:00,0.0005982196776811,0.0526899549888761,0.0,6,normal
2026-03-14 09:02:00+00:00,0.0006074659654816,0.0404103597005208,0.0,6,normal
2026-03-14 09:03:00+00:00,0.0005731310939082,0.040442148844401,0.0,6,normal
2026-03-14 09:04:00+00:00,0.0006512146609164,0.0403925577799479,3.0684983139999997,6,normal
2026-03-14 09:05:00+00:00,0.0015157948690616,0.0413449605305989,0.0,5,normal
2026-03-14 09:06:00+00:00,0.0006436047083447,0.0413449605305989,2.299737660562037,5,normal
2026-03-14 09:07:00+00:00,0.0006106926606078,0.0409495035807291,0.0,5,normal
2026-03-14 09:08:00+00:00,0.0006260463767229,0.0417442321777344,0.0,6,normal
2026-03-14 09:09:00+00:00,0.0005743386134365,0.041754404703776,2.4945871199999896,6,normal
2026-03-14 09:10:00+00:00,0.0016061475425822,0.0417137145996093,0.0,5,normal
2026-03-14 09:11:00+00:00,0.0005781899548758,0.0417137145996094,0.0,6,normal
2026-03-14 09:12:00+00:00,0.0006206434219315,0.0418815612792968,0.0,6,normal
2026-03-14 09:13:00+00:00,0.0006090451334947,0.0463523864746092,0.0,2,normal
2026-03-14 09:14:00+00:00,0.0007206724711654,0.040557861328125,0.0,1,normal
2026-03-14 09:15:00+00:00,0.000623176803279,0.038543701171875,0.0,1,normal
2026-03-14 09:16:00+00:00,0.0006211164474964,0.038543701171875,0.0,1,normal
2026-03-14 09:17:00+00:00,0.0006198064034609,0.038360595703125,0.0,1,normal
2026-03-14 09:18:00+00:00,0.0006973828258384,0.038360595703125,0.0,1,normal
2026-03-14 09:19:00+00:00,0.000663469872431,0.038421630859375,0.0,1,normal
2026-03-14 09:20:00+00:00,0.0006404494386173,0.038421630859375,0.0,1,normal
2026-03-14 09:21:00+00:00,0.0005721194890115,0.038421630859375,0.0,1,normal
2026-03-14 09:22:00+00:00,0.000705051709235,0.038482666015625,0.0,1,normal
2026-03-14 09:23:00+00:00,0.0006251877978369,0.038482666015625,0.0,1,normal
2026-03-14 09:24:00+00:00,0.0007564155842986,0.0384292602539062,0.0,1,normal
2026-03-14 09:25:00+00:00,0.0,0.0,0.0,0,normal
2026-03-14 09:26:00+00:00,0.0,0.0,0.0,0,normal
2026-03-14 09:27:00+00:00,0.0,0.0,0.0,0,normal
2026-03-14 09:28:00+00:00,0.0,0.0,0.0,0,normal
2026-03-14 09:29:00+00:00,0.0,0.0,0.0,0,normal
2026-03-14 09:30:00+00:00,0.0199159801349968,0.6276320000000002,0.0,0,normal
2026-03-14 09:31:00+00:00,0.0722401913181808,0.596784,1841.527599,0,normal
2026-03-14 09:32:00+00:00,0.0219714981080677,0.60408,0.0,0,normal
2026-03-14 09:33:00+00:00,0.0092857892795614,0.6243040000000002,0.0,1,normal
2026-03-14 09:34:00+00:00,0.0134982543103322,0.033050537109375,94.335877,0,normal
2026-03-14 09:35:00+00:00,0.0005554003591576,0.0330657958984375,0.0,1,normal
2026-03-14 09:36:00+00:00,0.0007157951156845,0.0330657958984375,0.0,1,normal
2026-03-14 09:37:00+00:00,0.0005820568984185,0.0330657958984375,0.0,1,normal
2026-03-14 09:38:00+00:00,0.0006179070859097,0.0330657958984375,0.0,1,normal
2026-03-14 09:39:00+00:00,0.0005945672506298,0.0330657958984375,0.0,1,normal
2026-03-14 09:40:00+00:00,0.0006605883020163,0.0330657958984375,0.0,1,normal
2026-03-14 09:41:00+00:00,0.0006227509775423,0.0330734252929687,0.0,1,normal
2026-03-14 09:42:00+00:00,0.0006335733195825,0.0330734252929687,0.0,1,normal
2026-03-14 09:43:00+00:00,0.0006044059565496,0.0330734252929687,0.0,1,normal
2026-03-14 09:44:00+00:00,0.0006060871220057,0.0330734252929688,0.0,1,normal
2026-03-14 09:45:00+00:00,0.0005461210417844,0.0330734252929688,0.0,1,normal
2026-03-14 09:46:00+00:00,0.0005275501777243,0.0330734252929687,0.0,1,normal
2026-03-14 09:47:00+00:00,0.0005882753605683,0.0330734252929687,0.0,1,normal
2026-03-14 09:48:00+00:00,0.0005474673372525,0.0330734252929688,0.0,1,normal
2026-03-14 09:49:00+00:00,0.0006358287102115,0.0330734252929688,0.0,1,normal
2026-03-14 09:50:00+00:00,0.0,0.0,0.0,0,normal
2026-03-14 09:51:00+00:00,0.0,0.0,0.0,0,normal
2026-03-14 09:52:00+00:00,0.0,0.0,0.0,0,normal
2026-03-14 09:53:00+00:00,0.0,0.0,0.0,0,normal
2026-03-14 09:54:00+00:00,0.0,0.0,0.0,0,normal
2026-03-14 09:55:00+00:00,0.0090968777348744,0.5708319999999993,0.0,0,normal
2026-03-14 09:56:00+00:00,0.0225245815846099,0.5782399999999992,1924.8425600000007,0,normal
2026-03-14 09:57:00+00:00,0.008956773295894,0.5782400000000028,0.0,1,normal
2026-03-14 09:58:00+00:00,0.0086302660265453,0.578240000000001,0.0,1,normal
2026-03-14 09:59:00+00:00,0.0090810012921812,0.578240000000001,0.0,1,normal
2026-03-14 10:00:00+00:00,0.0081571464759461,0.578240000000001,0.0,1,normal
2026-03-14 10:01:00+00:00,0.0235869412013069,0.5820320000000017,2931.8622419999974,0,normal
2026-03-14 10:02:00+00:00,0.0087731603949655,0.5820319999999981,0.0,1,normal
2026-03-14 10:03:00+00:00,0.0092230835395293,0.5820319999999981,0.0,1,normal
2026-03-14 10:04:00+00:00,0.0084623266810394,0.5820319999999981,0.0,1,normal
2026-03-14 10:05:00+00:00,0.0091514726521521,0.5820320000000017,0.0,1,normal
2026-03-14 10:06:00+00:00,0.0223869825157717,0.5829920000000008,3031.6099500000023,0,normal
2026-03-14 10:07:00+00:00,0.0091402646965425,0.5829920000000008,0.0,1,normal
2026-03-14 10:08:00+00:00,0.0,0.0,3.492557392857142,1,normal
2026-03-14 10:09:00+00:00,0.0052064397282017,0.0531730651855468,3.492557392857143,0,normal
2026-03-14 10:10:00+00:00,0.0006161901383573,0.0531730651855468,0.0,2,normal
2026-03-14 10:11:00+00:00,0.0007026007919445,0.0531730651855468,2.473055335987928,2,normal
2026-03-14 10:12:00+00:00,0.0065627484528404,0.0559654235839843,2.409856615898972,1,normal
2026-03-14 10:13:00+00:00,0.0081243562669985,0.0564804077148437,2.4145103789958924,1,normal
2026-03-14 10:14:00+00:00,0.0084671876218208,0.0567512512207031,2.3623981692200813,1,normal
2026-03-14 10:15:00+00:00,0.0085809420636031,0.0567398071289062,2.34513123333532,1,normal
2026-03-14 10:16:00+00:00,0.0082431268990021,0.0567436218261718,2.351688946924278,1,normal
2026-03-14 10:17:00+00:00,0.0078914168235287,0.0568466186523437,2.3231591627829724,1,normal
2026-03-14 10:18:00+00:00,0.0079826575034186,0.0567359924316406,2.388833062729663,1,normal
2026-03-14 10:19:00+00:00,0.0082971150575553,0.0568695068359375,2.233069610451321,1,normal
2026-03-14 10:20:00+00:00,0.0074080535961567,0.0568695068359375,2.2668950838487247,1,normal
2026-03-14 10:21:00+00:00,0.0080678522423325,0.0567626953125,2.3144111982229667,1,normal
2026-03-14 10:22:00+00:00,0.0080296251245468,0.0567703247070312,2.333113761157957,1,normal
2026-03-14 10:23:00+00:00,0.0080172167084427,0.056781768798828,2.22905307558785,1,normal
2026-03-14 10:24:00+00:00,0.0151773285662059,0.0614776611328125,2.3385964604143217,0,normal
2026-03-14 10:25:00+00:00,0.0149991399860899,0.061248779296875,2.2886512975320783,0,normal
2026-03-14 10:26:00+00:00,0.0155681956175965,0.0614547729492187,2.2327853316184965,0,normal
2026-03-14 10:27:00+00:00,0.0148559652218573,0.0615158081054685,2.2516372744436057,0,normal
2026-03-14 10:28:00+00:00,0.015530304286658,0.0612792968750002,2.263481206399544,0,normal
2026-03-14 10:29:00+00:00,0.0151847625691065,0.0615234374999997,2.277888573689011,0,normal
2026-03-14 10:30:00+00:00,0.0155897491038223,0.0615234375,2.3956931971571573,0,normal
2026-03-14 10:31:00+00:00,0.0152503507829376,0.0615234375,2.263187856146644,0,normal
2026-03-14 10:32:00+00:00,0.0149266113931556,0.061279296875,2.279684552408533,0,normal
2026-03-14 10:33:00+00:00,0.0154309066513009,0.0615386962890625,2.2919254289000066,0,normal
2026-03-14 10:34:00+00:00,0.0156569285106816,0.0615463256835937,2.405218953001956,0,normal
2026-03-14 10:35:00+00:00,0.0160889495417118,0.0615463256835937,2.307335303654094,0,normal
2026-03-14 10:36:00+00:00,0.0161563674316756,0.061553955078125,2.2990559139097577,0,normal
2026-03-14 10:37:00+00:00,0.0151740155819055,0.0615615844726562,2.301240269060618,0,normal
2026-03-14 10:38:00+00:00,0.0155242586961284,0.0614395141601562,2.478101976655966,0,normal
2026-03-14 10:39:00+00:00,0.0160320512241418,0.0615615844726562,2.352244411016631,0,normal
2026-03-14 10:40:00+00:00,0.0155507526281595,0.0615692138671875,2.292709781754353,0,normal
2026-03-14 10:41:00+00:00,0.0153934712599216,0.0615768432617187,2.323603395857164,0,normal
2026-03-14 10:42:00+00:00,0.0156335929496374,0.06134033203125,2.3566129839682177,0,normal
2026-03-14 10:43:00+00:00,0.0154148836769105,0.0615997314453129,2.403863402285565,0,normal
2026-03-14 10:44:00+00:00,0.0153848956193216,0.0613784790039058,2.3348893314972736,0,normal
2026-03-14 10:45:00+00:00,0.0155765079857617,0.0616226196289066,2.293074017791365,0,normal
2026-03-14 10:46:00+00:00,0.0156281343387757,0.0613784790039062,2.378620233059725,0,normal
2026-03-14 10:47:00+00:00,0.0156374884389389,0.0616226196289062,2.249678075385655,0,normal
2026-03-14 10:48:00+00:00,0.0155481869278633,0.0616226196289062,2.3485023101575724,0,normal
2026-03-14 10:49:00+00:00,0.0153497652275775,0.0616378784179687,2.2284900427371928,0,normal
2026-03-14 10:50:00+00:00,0.0149534028142565,0.061630249023437,2.300012195593361,0,normal
2026-03-14 10:51:00+00:00,0.0155522999418905,0.0616378784179687,2.238596662339245,0,normal
2026-03-14 10:52:00+00:00,0.0155486121156865,0.0616455078125,2.243958623459426,0,normal
2026-03-14 10:53:00+00:00,0.015353108504796,0.0616455078125,2.21052969671438,0,normal
2026-03-14 10:54:00+00:00,0.0156939622447307,0.0616455078125,2.270984871158161,0,normal
2026-03-14 10:55:00+00:00,0.0148468865973508,0.0616455078124995,2.1463715924183853,0,normal
2026-03-14 10:56:00+00:00,0.0146980690802103,0.0616455078125,2.256725106249572,0,normal
2026-03-14 10:57:00+00:00,0.0145515991620597,0.0616455078125,2.2780066045592022,0,normal
2026-03-14 10:58:00+00:00,0.0146539406873488,0.0616531372070312,2.171317641911155,0,normal
2026-03-14 10:59:00+00:00,0.0147964425006825,0.0616531372070312,2.278621964233412,0,normal
2026-03-14 11:00:00+00:00,0.0161020936858119,0.0614089965820312,2.2649250117525197,0,normal
2026-03-14 11:01:00+00:00,0.01504840517527,0.0614089965820312,2.2616401257392584,0,normal
2026-03-14 11:02:00+00:00,0.0162147451240159,0.0616607666015625,2.274852936677346,0,normal
2026-03-14 11:03:00+00:00,0.0158583914081217,0.0616607666015616,2.2553452418270763,0,normal
2026-03-14 11:04:00+00:00,0.0158294414018359,0.0617218017578125,2.3334993161342314,0,normal
2026-03-14 11:05:00+00:00,0.0152695583986552,0.0614776611328125,2.287688181167224,0,normal
2026-03-14 11:06:00+00:00,0.0156070415928424,0.0616607666015625,2.3996303823142817,0,normal
2026-03-14 11:07:00+00:00,0.0157709850829532,0.0616607666015625,2.3313974256893717,0,normal
2026-03-14 11:08:00+00:00,0.0153760126672406,0.0616607666015625,2.3125888997252235,0,normal
2026-03-14 11:09:00+00:00,0.0157290282278425,0.0616607666015625,2.2662614912581125,0,normal
2026-03-14 11:10:00+00:00,0.0151081964940706,0.0616683959960946,2.288504039770961,0,normal
2026-03-14 11:11:00+00:00,0.015313886050962,0.061676025390625,2.276925052761715,0,normal
2026-03-14 11:12:00+00:00,0.0154094740459775,0.061431884765625,2.3112264678389893,0,normal
2026-03-14 11:13:00+00:00,0.015505083142689,0.0616836547851562,2.3010117965925807,0,normal
2026-03-14 11:14:00+00:00,0.0151656321229218,0.0614471435546875,2.362835639738113,0,normal
2026-03-14 11:15:00+00:00,0.0159330467258368,0.0617523193359375,2.259740403298755,0,normal
2026-03-14 11:16:00+00:00,0.0154771407077543,0.0617599487304696,2.26728374986352,0,normal
2026-03-14 11:17:00+00:00,0.0153936526517106,0.0617599487304687,2.272326700177436,0,normal
2026-03-14 11:18:00+00:00,0.0160837365596988,0.0617752075195303,2.194739391305346,0,normal
2026-03-14 11:19:00+00:00,0.0144866818396356,0.0617752075195321,2.1781220226773117,0,normal
2026-03-14 11:20:00+00:00,0.0150627487429617,0.0617904663085937,2.2263820393847973,0,normal
2026-03-14 11:21:00+00:00,0.0150256401248196,0.061798095703125,2.2417657898587584,0,normal
2026-03-14 11:22:00+00:00,0.0146966106625883,0.061798095703125,2.2191375927512973,0,normal
2026-03-14 11:23:00+00:00,0.0145416971189731,0.061798095703125,2.220430175698516,0,normal
2026-03-14 11:24:00+00:00,0.0138492651840942,0.06195068359375,2.2346297673339723,0,normal
2026-03-14 11:25:00+00:00,0.0148097123151074,0.061614990234375,2.1868586264900185,0,normal
2026-03-14 11:26:00+00:00,0.0151602351325812,0.061737060546875,2.2703968844443967,0,normal
2026-03-14 11:27:00+00:00,0.0149201129234066,0.0617370605468741,2.0829746530784816,0,normal
2026-03-14 11:28:00+00:00,0.0145543720848357,0.0617370605468758,2.2083633240634244,0,normal
2026-03-14 11:29:00+00:00,0.0153629709062736,0.0617446899414053,2.2590457257207213,0,normal
2026-03-14 11:30:00+00:00,0.0149411701971737,0.0618057250976562,2.151431018159132,0,normal
2026-03-14 11:31:00+00:00,0.0142718624254025,0.0618133544921875,2.2198348555352774,0,normal
2026-03-14 11:32:00+00:00,0.0149875405009771,0.0618133544921875,2.2162081450799587,0,normal
2026-03-14 11:33:00+00:00,0.0158085355649024,0.0619354248046875,2.170265374686029,0,normal
2026-03-14 11:34:00+00:00,0.014879736186171,0.0619354248046875,2.228091528189136,0,normal
2026-03-14 11:35:00+00:00,0.0148584433740031,0.0619354248046875,2.3060284859018587,0,normal
2026-03-14 11:36:00+00:00,0.0154846769047949,0.0619354248046875,2.214710398011433,0,normal
2026-03-14 11:37:00+00:00,0.0144620250164229,0.0619354248046883,2.2798504435883866,0,normal
2026-03-14 11:38:00+00:00,0.0152930057032869,0.0617523193359375,2.260453908352226,0,normal
2026-03-14 11:39:00+00:00,0.0153846603571328,0.0618743896484375,2.2592524743891387,0,normal
2026-03-14 11:40:00+00:00,0.0154817905878414,0.0618743896484375,2.185242454646463,0,normal
2026-03-14 11:41:00+00:00,0.0145897546208426,0.0618743896484375,2.280497873515802,0,normal
2026-03-14 11:42:00+00:00,0.0155335759061656,0.0618743896484375,2.22035400297667,0,normal
2026-03-14 11:43:00+00:00,0.0147100385194169,0.0618743896484375,2.2155259436724437,0,normal
2026-03-14 11:44:00+00:00,0.0156697040316402,0.0618743896484375,2.3336738295127564,0,normal
2026-03-14 11:45:00+00:00,0.0158319533141169,0.0618743896484375,2.292700779819704,0,normal
2026-03-14 11:46:00+00:00,0.0156561085240516,0.0618743896484375,2.1873190858525704,0,normal
2026-03-14 11:47:00+00:00,0.0144780974130112,0.0618743896484375,2.1922751495523007,0,normal
2026-03-14 11:48:00+00:00,0.0157157600452493,0.0618743896484375,2.17822642730395,0,normal
2026-03-14 11:49:00+00:00,0.0141294609639335,0.0618743896484375,2.2087533852361987,0,normal
2026-03-14 11:50:00+00:00,0.0149834920059137,0.0618743896484375,2.3111959553386208,0,normal
2026-03-14 11:51:00+00:00,0.0142734334369876,0.0618743896484383,2.2369918418414354,0,normal
2026-03-14 11:52:00+00:00,0.0151297442084139,0.0617523193359366,2.231404728527646,0,normal
2026-03-14 11:53:00+00:00,0.0152273779807752,0.0618057250976562,2.1804345399779197,0,normal
2026-03-14 11:54:00+00:00,0.0154973983006931,0.062042236328125,2.236804952996665,0,normal
2026-03-14 11:55:00+00:00,0.0152280460119835,0.062042236328125,2.1811518686483367,0,normal
2026-03-14 11:56:00+00:00,0.0145892268435858,0.062042236328125,2.250414381477924,0,normal
2026-03-14 11:57:00+00:00,0.0144772123698533,0.062042236328125,2.230377288388933,0,normal
2026-03-14 11:58:00+00:00,0.0145882335328539,0.0620422363281258,2.209586384324987,0,normal
2026-03-14 11:59:00+00:00,0.0146033597804262,0.0620422363281241,2.2281561930413685,0,normal
2026-03-14 12:00:00+00:00,0.0141555205882624,0.0620422363281258,2.186667144107586,0,normal
2026-03-14 12:01:00+00:00,0.0153701477942034,0.0628433227539062,2.1658803998055287,0,normal
2026-03-14 12:02:00+00:00,0.0152856594292356,0.061859130859375,2.2070437898374107,0,normal
2026-03-14 12:03:00+00:00,0.0143398626492796,0.0620422363281258,2.172600522450662,0,normal
2026-03-14 12:04:00+00:00,0.0145855714474452,0.062042236328125,2.1526420277931533,0,normal
2026-03-14 12:05:00+00:00,0.0138609197872956,0.062042236328125,2.178616475323752,0,normal
2026-03-14 12:06:00+00:00,0.0142487857679085,0.061798095703125,2.1515943092580208,0,normal
2026-03-14 12:07:00+00:00,0.0139799335073478,0.0619812011718732,2.2057806032983254,0,normal
2026-03-14 12:08:00+00:00,0.0151886058839225,0.0619812011718767,2.276093083571153,0,normal
2026-03-14 12:09:00+00:00,0.0144397142446202,0.0624465942382812,2.260980742185275,0,normal
2026-03-14 12:10:00+00:00,0.0153232344021445,0.061859130859375,2.245427701029069,0,normal
2026-03-14 12:11:00+00:00,0.0154772874413553,0.0619812011718732,2.215889776502981,0,normal
2026-03-14 12:12:00+00:00,0.0153882143967953,0.061981201171875,2.214055767093505,0,normal
2026-03-14 12:13:00+00:00,0.016175824258569,0.062355041503908,2.2894073304608336,0,normal
2026-03-14 12:14:00+00:00,0.0156108750467349,0.061737060546875,2.235081508785727,0,normal
2026-03-14 12:15:00+00:00,0.0150642221125651,0.0619964599609375,2.254644313856033,0,normal
2026-03-14 12:16:00+00:00,0.0149133039415962,0.0619964599609375,2.258081165653989,0,normal
2026-03-14 12:17:00+00:00,0.0153070763543234,0.0619964599609375,2.246972488865337,0,normal
2026-03-14 12:18:00+00:00,0.0147011332784077,0.0619964599609375,2.220609208108538,0,normal
2026-03-14 12:19:00+00:00,0.0151626495739407,0.0620040893554669,2.1883059607893904,0,normal
2026-03-14 12:20:00+00:00,0.015574834253587,0.0620040893554687,2.2993189174769357,0,normal
2026-03-14 12:21:00+00:00,0.0152037241862794,0.0620040893554705,2.251122804934719,0,normal
2026-03-14 12:22:00+00:00,0.0152762453520656,0.0620040893554687,2.350322589269473,0,normal
2026-03-14 12:23:00+00:00,0.0155299669162576,0.0618667602539062,2.2634183493316438,0,normal
2026-03-14 12:24:00+00:00,0.0141511330888679,0.0620498657226562,2.206784382665315,0,normal
2026-03-14 12:25:00+00:00,0.0147220883997745,0.0620498657226562,2.232766427981087,0,normal
2026-03-14 12:26:00+00:00,0.0143638896730404,0.0620498657226562,2.252212864653791,0,normal
2026-03-14 12:27:00+00:00,0.015104505043304,0.0620498657226562,2.2117331286484423,0,normal
2026-03-14 12:28:00+00:00,0.0150293980214732,0.0620498657226544,2.2300619949760487,0,normal
2026-03-14 12:29:00+00:00,0.0147445106010546,0.0620498657226562,2.150894447163396,0,normal
2026-03-14 12:30:00+00:00,0.0155493485666764,0.0620498657226562,2.2457920744375817,0,normal
2026-03-14 12:31:00+00:00,0.0151031315657972,0.0620498657226562,2.2873446964403525,0,normal
2026-03-14 12:32:00+00:00,0.0149477562901321,0.0620498657226562,2.308474685935054,0,normal
2026-03-14 12:33:00+00:00,0.015858946031277,0.0620498657226562,2.2616333188059854,0,normal
2026-03-14 12:34:00+00:00,0.0157494969766909,0.0620498657226562,2.204672184130417,0,normal
2026-03-14 12:35:00+00:00,0.014575417426069,0.0620498657226562,2.2131941634909835,0,normal
2026-03-14 12:36:00+00:00,0.0149794826665745,0.0629501342773437,2.15337883628083,0,normal
2026-03-14 12:37:00+00:00,0.0142673462591376,0.061866760253908,2.102932500341221,0,normal
2026-03-14 12:38:00+00:00,0.0156012618087584,0.0619888305664062,2.240649640900528,0,normal
2026-03-14 12:39:00+00:00,0.0154715729171144,0.0619888305664044,2.2123710213785808,0,normal
2026-03-14 12:40:00+00:00,0.015225324452142,0.061988830566408,2.1660948793437838,0,normal
2026-03-14 12:41:00+00:00,0.0145228781101507,0.0620803833007794,2.1500712673463,0,normal
2026-03-14 12:42:00+00:00,0.0144967948677008,0.0620803833007812,2.192419637698192,0,normal
2026-03-14 12:43:00+00:00,0.0147602564619355,0.0620803833007812,2.2533240549092954,0,normal
2026-03-14 12:44:00+00:00,0.0156114960814806,0.0621414184570312,2.278721306670888,0,normal
2026-03-14 12:45:00+00:00,0.01434864480033,0.0618972778320312,2.134921853192199,0,normal
2026-03-14 12:46:00+00:00,0.0149040080788207,0.0618972778320312,2.2466544701208857,0,normal
2026-03-14 12:47:00+00:00,0.0151000185925274,0.062080383300783,2.179718445906797,0,normal
2026-03-14 12:48:00+00:00,0.0150869102542325,0.0620803833007812,2.2484403091445766,0,normal
2026-03-14 12:49:00+00:00,0.0146742322193476,0.0620803833007812,2.171920669995284,0,normal
2026-03-14 12:50:00+00:00,0.0157247037829577,0.0620803833007812,2.162948596399528,0,normal
2026-03-14 12:51:00+00:00,0.0149056131451028,0.0620803833007812,2.1881086700168275,0,normal
2026-03-14 12:52:00+00:00,0.0146553559881592,0.0620803833007812,2.209557844428552,0,normal
2026-03-14 12:53:00+00:00,0.0152610454667536,0.0621414184570312,2.241701227093094,0,normal
2026-03-14 12:54:00+00:00,0.0153015438870842,0.0621414184570294,2.254408938988841,0,normal
2026-03-14 12:55:00+00:00,0.0150215213425206,0.0621414184570312,2.1828982570350224,0,normal
2026-03-14 12:56:00+00:00,0.0144294946298288,0.0621414184570312,2.2129771490160497,0,normal
2026-03-14 12:57:00+00:00,0.0143840938271138,0.062141418457033,2.2026604026151557,0,normal
2026-03-14 12:58:00+00:00,0.0148366703429272,0.0621414184570312,2.24264480948714,0,normal
2026-03-14 12:59:00+00:00,0.0141747455676868,0.0621414184570312,2.2035639779059752,0,normal
2026-03-14 13:00:00+00:00,0.0144653515091768,0.0621414184570294,2.200577383862743,0,normal
2026-03-14 13:01:00+00:00,0.0147218359506817,0.062141418457033,2.232918072287388,0,normal
2026-03-14 13:02:00+00:00,0.0143910571224425,0.0621414184570294,2.1917061482528304,0,normal
2026-03-14 13:03:00+00:00,0.0141171011443894,0.062141418457033,2.197426572612918,0,normal
2026-03-14 13:04:00+00:00,0.0148606438116241,0.0621414184570312,2.237939426301382,0,normal
2026-03-14 13:05:00+00:00,0.0152852750888441,0.0621414184570294,2.190741544575297,0,normal
2026-03-14 13:06:00+00:00,0.0153902838860053,0.0621414184570312,2.241031564899983,0,normal
2026-03-14 13:07:00+00:00,0.014746570794383,0.062141418457033,2.2372204852289754,0,normal
2026-03-14 13:08:00+00:00,0.0142526726902461,0.0621414184570312,2.1893683080839303,0,normal
2026-03-14 13:09:00+00:00,0.0146242517452859,0.0621414184570312,2.273547751739471,0,normal
2026-03-14 13:10:00+00:00,0.0152055368655661,0.0621414184570312,2.310696991563326,0,normal
2026-03-14 13:11:00+00:00,0.0154723961718921,0.0621414184570312,2.1931192763924896,0,normal
2026-03-14 13:12:00+00:00,0.0154378762200022,0.0621414184570294,2.211244916319632,0,normal
2026-03-14 13:13:00+00:00,0.0145144789675333,0.0618972778320312,2.252068310659101,0,normal
2026-03-14 13:14:00+00:00,0.0154198368055298,0.0621185302734375,2.18182552720761,0,normal
2026-03-14 13:15:00+00:00,0.0148184570495017,0.0621185302734375,2.2359520507939643,0,normal
2026-03-14 13:16:00+00:00,0.0155585575944727,0.0621185302734375,2.3300635110443286,0,normal
2026-03-14 13:17:00+00:00,0.0148891948974223,0.0621185302734375,2.233800989060986,0,normal
2026-03-14 13:18:00+00:00,0.0149880469490382,0.0621185302734375,2.2188671051058293,0,normal
2026-03-14 13:19:00+00:00,0.014350701111867,0.0621185302734375,2.1939676639661223,0,normal
2026-03-14 13:20:00+00:00,0.0147659534002744,0.0621185302734375,2.2548410415927798,0,normal
2026-03-14 13:21:00+00:00,0.0152741531038671,0.0621185302734375,2.3053893377508023,0,normal
2026-03-14 13:22:00+00:00,0.0152308779596648,0.0621185302734375,2.2046689177482435,0,normal
2026-03-14 13:23:00+00:00,0.0145879095237457,0.0621185302734392,2.2732858925441763,0,normal
2026-03-14 13:24:00+00:00,0.0155688245765746,0.0621185302734357,2.1835126586665474,0,normal
2026-03-14 13:25:00+00:00,0.0157596542647553,0.0621185302734392,2.269318172077195,0,normal
2026-03-14 13:26:00+00:00,0.0150317669014619,0.0621185302734357,2.1876877266564505,0,normal
2026-03-14 13:27:00+00:00,0.0143690531039304,0.0621185302734375,2.1972998190495865,0,normal
2026-03-14 13:28:00+00:00,0.0146232029836683,0.0621185302734375,2.1860074014568847,0,normal
2026-03-14 13:29:00+00:00,0.0141288326024193,0.0621185302734375,2.1895527931048604,0,normal
2026-03-14 13:30:00+00:00,0.0139920858768771,0.0621185302734392,2.223526815654308,0,normal
2026-03-14 13:31:00+00:00,0.0140969813169018,0.0621185302734375,2.146413665765574,0,normal
2026-03-14 13:32:00+00:00,0.0139624444438295,0.0621185302734375,2.257658784897393,0,normal
2026-03-14 13:33:00+00:00,0.0150374716821377,0.0621185302734375,2.222821947082656,0,normal
2026-03-14 13:34:00+00:00,0.0141315690472318,0.0621185302734375,2.1805357485102475,0,normal
2026-03-14 13:35:00+00:00,0.0146107489942877,0.0621185302734375,2.2906125298366797,0,normal
2026-03-14 13:36:00+00:00,0.0148653339295252,0.0621185302734375,2.2230976980804247,0,normal
2026-03-14 13:37:00+00:00,0.0154129420357964,0.0621185302734375,2.202556214333588,0,normal
2026-03-14 13:38:00+00:00,0.0154365685621127,0.0621185302734375,2.259575549016147,0,normal
2026-03-14 13:39:00+00:00,0.0155429844042767,0.0621795654296875,2.1772144327984417,0,normal
2026-03-14 13:40:00+00:00,0.0149220950779014,0.0619354248046875,2.183189495371516,0,normal
2026-03-14 13:41:00+00:00,0.0149008736455198,0.0621185302734375,2.1570249669211075,0,normal
2026-03-14 13:42:00+00:00,0.0150616354029913,0.0621185302734392,2.239095676620496,0,normal
2026-03-14 13:43:00+00:00,0.0139572096587459,0.0621185302734357,2.125802596157321,0,normal
2026-03-14 13:44:00+00:00,0.0133530334373195,0.0621185302734375,2.113576338956489,0,normal
2026-03-14 13:45:00+00:00,0.0135619392132424,0.0621185302734375,2.2097665839009344,0,normal
2026-03-14 13:46:00+00:00,0.0153265300106046,0.0621185302734375,2.2376554155308246,0,normal
2026-03-14 13:47:00+00:00,0.0152642458063749,0.0621185302734375,2.126355545818817,0,normal
2026-03-14 13:48:00+00:00,0.0141755109517851,0.0621185302734375,2.1336384477653123,0,normal
2026-03-14 13:49:00+00:00,0.0145158723495848,0.0621185302734375,2.1288338537945,0,normal
2026-03-14 13:50:00+00:00,0.0145182521726514,0.0621185302734375,2.119769304014305,0,normal
2026-03-14 13:51:00+00:00,0.0153049257293993,0.0621185302734375,2.171868946560853,0,normal
2026-03-14 13:52:00+00:00,0.0141017879322804,0.0621185302734375,2.2155017660529928,0,normal
2026-03-14 13:53:00+00:00,0.0141610626788981,0.0621185302734392,2.224399137612955,0,normal
2026-03-14 13:54:00+00:00,0.0150126223063691,0.0621185302734357,2.2516331059959303,0,normal
2026-03-14 13:55:00+00:00,0.0142079329179081,0.0621185302734392,2.212608434076673,0,normal
2026-03-14 13:56:00+00:00,0.0144520885339103,0.0621795654296857,2.2076436076162933,0,normal
2026-03-14 13:57:00+00:00,0.0147326831667089,0.0621795654296875,2.307800332308254,0,normal
2026-03-14 13:58:00+00:00,0.0158139197394668,0.0621795654296875,2.2195591752323045,0,normal
2026-03-14 13:59:00+00:00,0.0150994271829878,0.0621109008789062,2.166997093178821,0,normal
2026-03-14 14:00:00+00:00,0.0142396409878373,0.0621185302734375,2.182224861647313,0,normal
2026-03-14 14:01:00+00:00,0.0139827570202615,0.0621185302734375,2.1997311511525663,0,normal
2026-03-14 14:02:00+00:00,0.0143083720791201,0.0621185302734375,2.2396552711039184,0,normal
2026-03-14 14:03:00+00:00,0.0149663187412567,0.0621185302734375,2.2505912845922493,0,normal
2026-03-14 14:04:00+00:00,0.0156635477657896,0.0621185302734392,2.293903143701793,0,normal
2026-03-14 14:05:00+00:00,0.0147275296222177,0.0621185302734357,2.2837857944403512,0,normal
2026-03-14 14:06:00+00:00,0.0142456944206252,0.0621185302734375,2.2097907681728803,0,normal
2026-03-14 14:07:00+00:00,0.0151038392968207,0.0621185302734375,2.2599102327520635,0,normal
2026-03-14 14:08:00+00:00,0.0153462461627653,0.0621185302734375,2.2182580449418783,0,normal
2026-03-14 14:09:00+00:00,0.0148855835128709,0.0621795654296875,2.247778226058388,0,normal
2026-03-14 14:10:00+00:00,0.0153583007370485,0.0621795654296875,2.308716920869894,0,normal
2026-03-14 14:11:00+00:00,0.0155432577117893,0.0621795654296875,2.2117336385623023,0,normal
2026-03-14 14:12:00+00:00,0.0143949749383125,0.0621795654296875,2.142450541168908,0,normal
2026-03-14 14:13:00+00:00,0.0146706735254906,0.0621795654296892,2.233267623298888,0,normal
2026-03-14 14:14:00+00:00,0.0148927821187254,0.0621795654296875,2.190521449292909,0,normal
2026-03-14 14:15:00+00:00,0.0151664396216699,0.0621795654296875,2.273980379749953,0,normal
2026-03-14 14:16:00+00:00,0.0154873352449169,0.0621795654296875,2.359646621470624,0,normal
2026-03-14 14:17:00+00:00,0.0156165106510504,0.0621795654296875,2.2167643324493813,0,normal
2026-03-14 14:18:00+00:00,0.0140422989680693,0.0621795654296875,2.2586633490360173,0,normal
2026-03-14 14:19:00+00:00,0.0154724609410448,0.0621795654296875,2.170688519129212,0,normal
2026-03-14 14:20:00+00:00,0.014505365453024,0.0621795654296875,2.2617539919582894,0,normal
2026-03-14 14:21:00+00:00,0.0156406170698546,0.0619354248046875,2.3086016660134403,0,normal
2026-03-14 14:22:00+00:00,0.015854584229944,0.0621185302734339,2.264385834466894,0,normal
2026-03-14 14:23:00+00:00,0.0154864589134606,0.062118530273441,2.2818467369448148,0,normal
2026-03-14 14:24:00+00:00,0.0155659865586335,0.0621185302734375,2.266572936905371,0,normal
2026-03-14 14:25:00+00:00,0.0150524971467906,0.0621185302734375,2.301266968582484,0,normal
2026-03-14 14:26:00+00:00,0.0146431365572294,0.0621185302734339,2.290942098712488,0,normal
2026-03-14 14:27:00+00:00,0.0151440037822445,0.0621185302734375,2.2023511715194264,0,normal
2026-03-14 14:28:00+00:00,0.0145804110326106,0.0621185302734375,2.1711249999907523,0,normal
2026-03-14 14:29:00+00:00,0.0151565978212677,0.0619964599609375,2.2041178978826377,0,normal
2026-03-14 14:30:00+00:00,0.0141537507097484,0.0621185302734375,2.207505201165741,0,normal
2026-03-14 14:31:00+00:00,0.0154866880538593,0.0621185302734375,2.279740943023647,0,normal
2026-03-14 14:32:00+00:00,0.0153024953248133,0.0621185302734375,2.2511184912007023,0,normal
2026-03-14 14:33:00+00:00,0.0148672664954401,0.0621185302734375,2.2044139456824667,0,normal
2026-03-14 14:34:00+00:00,0.0157321292442591,0.0621185302734375,2.283771721286704,0,normal
2026-03-14 14:35:00+00:00,0.0140883662210553,0.0621185302734375,2.1885174566687,0,normal
2026-03-14 14:36:00+00:00,0.0148289542448725,0.0621185302734375,2.260121595843656,0,normal
2026-03-14 14:37:00+00:00,0.0154405657990484,0.0621185302734375,2.238271950634225,0,normal
2026-03-14 14:38:00+00:00,0.0145701611228927,0.0621185302734375,2.2389772113721835,0,normal
2026-03-14 14:39:00+00:00,0.0147176265913717,0.0621185302734375,2.194023195965078,0,normal
2026-03-14 14:40:00+00:00,0.0144968023669287,0.0621795654296875,2.2116819543100146,0,normal
2026-03-14 14:41:00+00:00,0.015359331900969,0.0621795654296875,2.2164393881292277,0,normal
2026-03-14 14:42:00+00:00,0.0152068215930194,0.0621795654296875,2.2681639710438213,0,normal
2026-03-14 14:43:00+00:00,0.0156180551186357,0.062179565429691,2.170193581844084,0,normal
2026-03-14 14:44:00+00:00,0.0149716065047291,0.0619354248046839,2.396624846884354,0,normal
2026-03-14 14:45:00+00:00,0.0151195809683875,0.061935424804691,2.348962028853515,0,normal
2026-03-14 14:46:00+00:00,0.015284637141363,0.0621185302734339,2.403572902937517,0,normal
2026-03-14 14:47:00+00:00,0.0151348528328076,0.0630722045898437,2.2534708366262604,0,normal
2026-03-14 14:48:00+00:00,0.0150084335798501,0.0618743896484375,2.2117830522352038,0,normal
2026-03-14 14:49:00+00:00,0.0144152668293333,0.0621414184570312,2.160048043139584,0,normal
2026-03-14 14:50:00+00:00,0.0148558431591174,0.062149047851566,2.2027708072832404,0,normal
2026-03-14 14:51:00+00:00,0.015088062789287,0.0621490478515625,2.181147798129889,0,normal
2026-03-14 14:52:00+00:00,0.0139208722261372,0.0622406005859375,2.247566321673212,0,normal
2026-03-14 14:53:00+00:00,0.0145945849158533,0.0619964599609375,2.194778559381781,0,normal
2026-03-14 14:54:00+00:00,0.014254408608231,0.0621185302734375,2.224306262562736,0,normal
2026-03-14 14:55:00+00:00,0.0145930650004233,0.0621795654296875,2.253011149879596,0,normal
2026-03-14 14:56:00+00:00,0.015051401933559,0.0621871948242187,2.2471129684212445,0,normal
2026-03-14 14:57:00+00:00,0.0149660107546401,0.0619964599609375,2.2941614060358217,0,normal
2026-03-14 14:58:00+00:00,0.0150674411449367,0.0621185302734375,2.276515641643583,0,normal
2026-03-14 14:59:00+00:00,0.0147089259709423,0.0621185302734375,2.3113553435818077,0,normal
2026-03-14 15:00:00+00:00,0.0154883435479229,0.0621185302734339,2.3940554657379205,0,normal
2026-03-14 15:01:00+00:00,0.0156536513939329,0.0621185302734375,2.275746901346816,0,normal
2026-03-14 15:02:00+00:00,0.0151941889930897,0.06231689453125,2.377826630584162,0,normal
2026-03-14 15:03:00+00:00,0.0154392503395284,0.06231689453125,2.29468069097588,0,normal
2026-03-14 15:04:00+00:00,0.0149355547168807,0.06231689453125,2.274265602215743,0,normal
2026-03-14 15:05:00+00:00,0.0144591812143231,0.06231689453125,2.226061482127246,0,normal
2026-03-14 15:06:00+00:00,0.0146233027324216,0.0623168945312535,2.202795380017496,0,normal
2026-03-14 15:07:00+00:00,0.0145664421102162,0.06207275390625,2.267060245556242,0,normal
2026-03-14 15:08:00+00:00,0.0150955697575962,0.062255859375,2.263364049086506,0,normal
2026-03-14 15:09:00+00:00,0.0160315840027926,0.062255859375,2.261543749078964,0,normal
2026-03-14 15:10:00+00:00,0.0152043486575559,0.062255859375,2.319267246587024,0,normal
2026-03-14 15:11:00+00:00,0.0156494991539046,0.062255859375,2.375615895074332,0,normal
2026-03-14 15:12:00+00:00,0.0155150580947793,0.062255859375,2.270359992274401,0,normal
2026-03-14 15:13:00+00:00,0.0151112728663704,0.062255859375,2.2767221393543866,0,normal
2026-03-14 15:14:00+00:00,0.0156287242539994,0.062255859375,2.229275312604089,0,normal
2026-03-14 15:15:00+00:00,0.014690677110468,0.062255859375,2.321184784226202,0,normal
2026-03-14 15:16:00+00:00,0.015429259599764,0.062255859375,2.368637973375177,0,normal
2026-03-14 15:17:00+00:00,0.0162261679636337,0.062255859375,2.332859091854677,0,normal
2026-03-14 15:18:00+00:00,0.0155257211265151,0.062255859375,2.3023154237520664,0,normal
2026-03-14 15:19:00+00:00,0.015156722381894,0.062255859375,2.238041192568445,0,normal
2026-03-14 15:20:00+00:00,0.0155537812379549,0.062255859375,2.274944583609265,0,normal
2026-03-14 15:21:00+00:00,0.0144877545432002,0.062255859375,2.2498027385353847,0,normal
2026-03-14 15:22:00+00:00,0.0149549133947743,0.062255859375,2.2831650136458634,0,normal
2026-03-14 15:23:00+00:00,0.0155663449934078,0.0620880126953125,2.206264900502884,0,normal
2026-03-14 15:24:00+00:00,0.0153363703449471,0.0623321533203125,2.2392569538978746,0,normal
2026-03-14 15:25:00+00:00,0.0139225849923381,0.062271118164066,2.233136770283148,0,normal
2026-03-14 15:26:00+00:00,0.0152608244216461,0.0622711181640625,2.282043563448338,0,normal
2026-03-14 15:27:00+00:00,0.016058570043401,0.0622711181640625,2.308735528376036,0,normal
2026-03-14 15:28:00+00:00,0.0158934004337973,0.0622711181640625,2.2380187273724217,0,normal
2026-03-14 15:29:00+00:00,0.0156110058341356,0.0623321533203089,2.1571180414662,0,normal
2026-03-14 15:30:00+00:00,0.0144400087553124,0.0620880126953125,2.2476904114955936,0,normal
2026-03-14 15:31:00+00:00,0.0137884741213767,0.062088012695316,2.2141775131524466,0,normal
2026-03-14 15:32:00+00:00,0.0151113461044474,0.0622711181640625,2.2979383005642084,0,normal
2026-03-14 15:33:00+00:00,0.0151368581524247,0.0622711181640625,2.3274601751978854,0,normal
2026-03-14 15:34:00+00:00,0.0141780260663377,0.0622711181640625,2.173466902609817,0,normal
2026-03-14 15:35:00+00:00,0.0148772919990678,0.0622711181640625,2.327861896803577,0,normal
2026-03-14 15:36:00+00:00,0.0144579429479101,0.0622711181640625,2.29009209285141,0,normal
2026-03-14 15:37:00+00:00,0.0151907543397324,0.0622711181640625,2.2479419215616527,0,normal
2026-03-14 15:38:00+00:00,0.0142573870439504,0.0622711181640625,2.267755862045454,0,normal
2026-03-14 15:39:00+00:00,0.0146301647726732,0.0622711181640625,2.215585507444526,0,normal
2026-03-14 15:40:00+00:00,0.0144329852399973,0.0622711181640625,2.278143911459882,0,normal
2026-03-14 15:41:00+00:00,0.0152852948372217,0.0622711181640625,2.4165410286879845,0,normal
2026-03-14 15:42:00+00:00,0.0160969447561214,0.0623321533203125,2.2920974347598992,0,normal
2026-03-14 15:43:00+00:00,0.0086117669639378,0.0620880126953125,2.351471499997446,0,normal
2026-03-14 15:44:00+00:00,0.0006780776399732,0.0685577392578125,0.0,1,normal
2026-03-14 15:45:00+00:00,0.0005894518388309,0.0685577392578089,0.0,1,normal
2026-03-14 15:46:00+00:00,0.0006686054068847,0.0762481689453125,0.0,1,normal
2026-03-14 15:47:00+00:00,0.0005508986224231,0.0762481689453125,0.0,1,normal
2026-03-14 15:48:00+00:00,0.0006345880489506,0.0771026611328125,0.0,1,normal
2026-03-14 15:49:00+00:00,0.0005627434590183,0.0771026611328125,0.0,1,normal
2026-03-14 15:50:00+00:00,0.000659052850775,0.0771026611328125,0.0,1,normal
2026-03-14 15:51:00+00:00,0.0006407414166815,0.0768585205078125,0.0,1,normal
2026-03-14 15:52:00+00:00,0.0007219740385426,0.0768585205078125,0.0,1,normal
2026-03-14 15:53:00+00:00,0.0006030982705649,0.076919555664066,0.0,1,normal
2026-03-14 15:54:00+00:00,0.0006579866876599,0.0769195556640625,0.0,1,normal
2026-03-14 15:55:00+00:00,0.0006403434266992,0.0769195556640625,0.0,1,normal
2026-03-14 15:56:00+00:00,0.0006600936436962,0.0767974853515625,0.0,1,normal
2026-03-14 15:57:00+00:00,0.0005694202945871,0.0767974853515625,0.0,1,normal
2026-03-14 15:58:00+00:00,0.0,0.0,0.0,0,normal
2026-03-14 15:59:00+00:00,0.0,0.0,0.0,0,normal
